Followers	TimeDiffInMins	Forks	Watchers	P
3	719	1029.0	1123.0	https://github.com/Alluxio/alluxio
3	39	1029.0	1123.0	https://github.com/Alluxio/alluxio
3	39	1029.0	1123.0	https://github.com/Alluxio/alluxio
203	5	1029.0	1123.0	https://github.com/Alluxio/alluxio
42	35	1029.0	1123.0	https://github.com/Alluxio/alluxio
42	35	1029.0	1123.0	https://github.com/Alluxio/alluxio
42	35	1029.0	1123.0	https://github.com/Alluxio/alluxio
203	90	1029.0	1123.0	https://github.com/Alluxio/alluxio
203	90	1029.0	1123.0	https://github.com/Alluxio/alluxio
203	90	1029.0	1123.0	https://github.com/Alluxio/alluxio
203	90	1029.0	1123.0	https://github.com/Alluxio/alluxio
327	5	1029.0	1123.0	https://github.com/Alluxio/alluxio
327	5	1029.0	1123.0	https://github.com/Alluxio/alluxio  
327	5	1029.0	1123.0	https://github.com/Alluxio/alluxio
42	33	1029.0	1123.0	https://github.com/Alluxio/alluxio
42	33	1029.0	1123.0	https://github.com/Alluxio/alluxio
327	69	1029.0	1123.0	https://github.com/Alluxio/alluxio
327	69	1029.0	1123.0	https://github.com/Alluxio/alluxio
31	1	1029.0	1123.0	https://github.com/Alluxio/alluxio
34	6	1029.0	1123.0	https://github.com/Alluxio/alluxio
34	6	1029.0	1123.0	https://github.com/Alluxio/alluxio
327	277	1029.0	1123.0	https://github.com/Alluxio/alluxio
327	277	1029.0	1123.0	https://github.com/Alluxio/alluxio
2	9	1029.0	1123.0	https://github.com/Alluxio/alluxio
2	9	1029.0	1123.0	https://github.com/Alluxio/alluxio
203	2623	1029.0	1123.0	https://github.com/Alluxio/alluxio
34	0	1029.0	1123.0	https://github.com/Alluxio/alluxio
34	0	1029.0	1123.0	https://github.com/Alluxio/alluxio
34	0	1029.0	1123.0	https://github.com/Alluxio/alluxio
34	0	1029.0	1123.0	https://github.com/Alluxio/alluxio
327	1517	1029.0	1123.0	https://github.com/Alluxio/alluxio
327	1517	1029.0	1123.0	https://github.com/Alluxio/alluxio
327	1517	1029.0	1123.0	https://github.com/Alluxio/alluxio
327	1517	1029.0	1123.0	https://github.com/Alluxio/alluxio
2	1504	1029.0	1123.0	https://github.com/Alluxio/alluxio
2	1504	1029.0	1123.0	https://github.com/Alluxio/alluxio
2	1504	1029.0	1123.0	https://github.com/Alluxio/alluxio
2	1504	1029.0	1123.0	https://github.com/Alluxio/alluxio
42	49	1029.0	1123.0	https://github.com/Alluxio/alluxio
203	1	1029.0	1123.0	https://github.com/Alluxio/alluxio
203	1	1029.0	1123.0	https://github.com/Alluxio/alluxio
34	55	1029.0	1123.0	https://github.com/Alluxio/alluxio
34	55	1029.0	1123.0	https://github.com/Alluxio/alluxio
24	16	1029.0	1123.0	https://github.com/Alluxio/alluxio
24	16	1029.0	1123.0	https://github.com/Alluxio/alluxio
0	24	1029.0	1123.0	https://github.com/Alluxio/alluxio
24	0	1029.0	1123.0	https://github.com/Alluxio/alluxio
24	0	1029.0	1123.0	https://github.com/Alluxio/alluxio
24	0	1029.0	1123.0	https://github.com/Alluxio/alluxio
327	1561	1029.0	1123.0	https://github.com/Alluxio/alluxio
1	33	1029.0	1123.0	https://github.com/Alluxio/alluxio
1	979	1029.0	1123.0	https://github.com/Alluxio/alluxio
31	20	1029.0	1123.0	https://github.com/Alluxio/alluxio
31	20	1029.0	1123.0	https://github.com/Alluxio/alluxio
31	20	1029.0	1123.0	https://github.com/Alluxio/alluxio
31	20	1029.0	1123.0	https://github.com/Alluxio/alluxio
31	20	1029.0	1123.0	https://github.com/Alluxio/alluxio
31	20	1029.0	1123.0	https://github.com/Alluxio/alluxio
31	20	1029.0	1123.0	https://github.com/Alluxio/alluxio
31	20	1029.0	1123.0	https://github.com/Alluxio/alluxio
0	1974	1029.0	1123.0	https://github.com/Alluxio/alluxio
34	2498	1029.0	1123.0	https://github.com/Alluxio/alluxio
34	101	1029.0	1123.0	https://github.com/Alluxio/alluxio
34	101	1029.0	1123.0	https://github.com/Alluxio/alluxio
34	101	1029.0	1123.0	https://github.com/Alluxio/alluxio
45	220	1029.0	1123.0	https://github.com/Alluxio/alluxio
45	220	1029.0	1123.0	https://github.com/Alluxio/alluxio
327	79	1029.0	1123.0	https://github.com/Alluxio/alluxio
327	79	1029.0	1123.0	https://github.com/Alluxio/alluxio
327	79	1029.0	1123.0	https://github.com/Alluxio/alluxio
327	79	1029.0	1123.0	https://github.com/Alluxio/alluxio
327	79	1029.0	1123.0	https://github.com/Alluxio/alluxio
327	79	1029.0	1123.0	https://github.com/Alluxio/alluxio
327	79	1029.0	1123.0	https://github.com/Alluxio/alluxio
327	79	1029.0	1123.0	https://github.com/Alluxio/alluxio
34	1180	1029.0	1123.0	https://github.com/Alluxio/alluxio
34	1180	1029.0	1123.0	https://github.com/Alluxio/alluxio
34	1180	1029.0	1123.0	https://github.com/Alluxio/alluxio
34	1180	1029.0	1123.0	https://github.com/Alluxio/alluxio
34	1180	1029.0	1123.0	https://github.com/Alluxio/alluxio
34	1180	1029.0	1123.0	https://github.com/Alluxio/alluxio
34	1180	1029.0	1123.0	https://github.com/Alluxio/alluxio
34	1180	1029.0	1123.0	https://github.com/Alluxio/alluxio
327	108	1029.0	1123.0	https://github.com/Alluxio/alluxio
327	108	1029.0	1123.0	https://github.com/Alluxio/alluxio
327	108	1029.0	1123.0	https://github.com/Alluxio/alluxio
327	108	1029.0	1123.0	https://github.com/Alluxio/alluxio
34	1099	1029.0	1123.0	https://github.com/Alluxio/alluxio
34	1099	1029.0	1123.0	https://github.com/Alluxio/alluxio
34	1099	1029.0	1123.0	https://github.com/Alluxio/alluxio
34	1099	1029.0	1123.0	https://github.com/Alluxio/alluxio
2	0	1029.0	1123.0	https://github.com/Alluxio/alluxio
2	0	1029.0	1123.0	https://github.com/Alluxio/alluxio
2	2029	1029.0	1123.0	https://github.com/Alluxio/alluxio
327	1925	1029.0	1123.0	https://github.com/Alluxio/alluxio
6	1729	1029.0	1123.0	https://github.com/Alluxio/alluxio
327	1551	1029.0	1123.0	https://github.com/Alluxio/alluxio
34	260	1029.0	1123.0	https://github.com/Alluxio/alluxio
0	14	1029.0	1123.0	https://github.com/Alluxio/alluxio
13	5	1029.0	1123.0	https://github.com/Alluxio/alluxio
13	5	1029.0	1123.0	https://github.com/Alluxio/alluxio
2	0	1029.0	1123.0	https://github.com/Alluxio/alluxio
327	33	1029.0	1123.0	https://github.com/Alluxio/alluxio
203	31	1029.0	1123.0	https://github.com/Alluxio/alluxio
203	969	1029.0	1123.0	https://github.com/Alluxio/alluxio
327	87	1029.0	1123.0	https://github.com/Alluxio/alluxio
0	71	1029.0	1123.0	https://github.com/Alluxio/alluxio
59	8726	1029.0	1123.0	https://github.com/Alluxio/alluxio
1	369	1029.0	1123.0	https://github.com/Alluxio/alluxio
1	32	1029.0	1123.0	https://github.com/Alluxio/alluxio
327	220	1029.0	1123.0	https://github.com/Alluxio/alluxio
0	148	1029.0	1123.0	https://github.com/Alluxio/alluxio
327	7	1029.0	1123.0	https://github.com/Alluxio/alluxio
327	7	1029.0	1123.0	https://github.com/Alluxio/alluxio
327	7	1029.0	1123.0	https://github.com/Alluxio/alluxio
1	581	1029.0	1123.0	https://github.com/Alluxio/alluxio
1	581	1029.0	1123.0	https://github.com/Alluxio/alluxio
1	581	1029.0	1123.0	https://github.com/Alluxio/alluxio
1	480	1029.0	1123.0	https://github.com/Alluxio/alluxio
1	480	1029.0	1123.0	https://github.com/Alluxio/alluxio
1	480	1029.0	1123.0	https://github.com/Alluxio/alluxio
327	37	1029.0	1123.0	https://github.com/Alluxio/alluxio
1	-55	1029.0	1123.0	https://github.com/Alluxio/alluxio
28	5008	1029.0	1123.0	https://github.com/Alluxio/alluxio
28	5008	1029.0	1123.0	https://github.com/Alluxio/alluxio
28	5008	1029.0	1123.0	https://github.com/Alluxio/alluxio
28	5008	1029.0	1123.0	https://github.com/Alluxio/alluxio
28	5008	1029.0	1123.0	https://github.com/Alluxio/alluxio
28	5008	1029.0	1123.0	https://github.com/Alluxio/alluxio
28	5008	1029.0	1123.0	https://github.com/Alluxio/alluxio
28	5008	1029.0	1123.0	https://github.com/Alluxio/alluxio
28	27	1029.0	1123.0	https://github.com/Alluxio/alluxio
28	27	1029.0	1123.0	https://github.com/Alluxio/alluxio
34	37	1029.0	1123.0	https://github.com/Alluxio/alluxio
34	37	1029.0	1123.0	https://github.com/Alluxio/alluxio
327	51	1029.0	1123.0	https://github.com/Alluxio/alluxio
6	110	1029.0	1123.0	https://github.com/Alluxio/alluxio
327	87	1029.0	1123.0	https://github.com/Alluxio/alluxio
327	87	1029.0	1123.0	https://github.com/Alluxio/alluxio
6	75	1029.0	1123.0	https://github.com/Alluxio/alluxio
6	75	1029.0	1123.0	https://github.com/Alluxio/alluxio
203	358	1029.0	1123.0	https://github.com/Alluxio/alluxio
14	7	1029.0	1123.0	https://github.com/Alluxio/alluxio
6	17	1029.0	1123.0	https://github.com/Alluxio/alluxio
6	13	1029.0	1123.0	https://github.com/Alluxio/alluxio
6	20	1029.0	1123.0	https://github.com/Alluxio/alluxio
6	111	1029.0	1123.0	https://github.com/Alluxio/alluxio
327	75	1029.0	1123.0	https://github.com/Alluxio/alluxio
327	75	1029.0	1123.0	https://github.com/Alluxio/alluxio
3	33	1029.0	1123.0	https://github.com/Alluxio/alluxio
3	33	1029.0	1123.0	https://github.com/Alluxio/alluxio
14	14	1029.0	1123.0	https://github.com/Alluxio/alluxio
14	14	1029.0	1123.0	https://github.com/Alluxio/alluxio
6	3967	1029.0	1123.0	https://github.com/Alluxio/alluxio
6	3967	1029.0	1123.0	https://github.com/Alluxio/alluxio
203	1071	1029.0	1123.0	https://github.com/Alluxio/alluxio
34	0	1029.0	1123.0	https://github.com/Alluxio/alluxio
6	109	1029.0	1123.0	https://github.com/Alluxio/alluxio
14	199	1029.0	1123.0	https://github.com/Alluxio/alluxio
203	10	1029.0	1123.0	https://github.com/Alluxio/alluxio
203	10	1029.0	1123.0	https://github.com/Alluxio/alluxio
327	33	1029.0	1123.0	https://github.com/Alluxio/alluxio
327	33	1029.0	1123.0	https://github.com/Alluxio/alluxio
327	101	1029.0	1123.0	https://github.com/Alluxio/alluxio
327	101	1029.0	1123.0	https://github.com/Alluxio/alluxio
327	101	1029.0	1123.0	https://github.com/Alluxio/alluxio
3	464	1029.0	1123.0	https://github.com/Alluxio/alluxio
3	464	1029.0	1123.0	https://github.com/Alluxio/alluxio
3	464	1029.0	1123.0	https://github.com/Alluxio/alluxio
14	371	1029.0	1123.0	https://github.com/Alluxio/alluxio
203	867	1029.0	1123.0	https://github.com/Alluxio/alluxio
203	867	1029.0	1123.0	https://github.com/Alluxio/alluxio
46	0	1029.0	1123.0	https://github.com/Alluxio/alluxio
14	0	1029.0	1123.0	https://github.com/Alluxio/alluxio
14	0	1029.0	1123.0	https://github.com/Alluxio/alluxio
34	34	1029.0	1123.0	https://github.com/Alluxio/alluxio
34	34	1029.0	1123.0	https://github.com/Alluxio/alluxio
34	34	1029.0	1123.0	https://github.com/Alluxio/alluxio
34	34	1029.0	1123.0	https://github.com/Alluxio/alluxio
327	94	1029.0	1123.0	https://github.com/Alluxio/alluxio
327	94	1029.0	1123.0	https://github.com/Alluxio/alluxio
203	205	1029.0	1123.0	https://github.com/Alluxio/alluxio
203	205	1029.0	1123.0	https://github.com/Alluxio/alluxio
13	1	1029.0	1123.0	https://github.com/Alluxio/alluxio
13	78	1029.0	1123.0	https://github.com/Alluxio/alluxio
4	34351	1029.0	1123.0	https://github.com/Alluxio/alluxio
4	34351	1029.0	1123.0	https://github.com/Alluxio/alluxio
6	1008	1029.0	1123.0	https://github.com/Alluxio/alluxio
327	708	1029.0	1123.0	https://github.com/Alluxio/alluxio
0	969	1029.0	1123.0	https://github.com/Alluxio/alluxio
0	790	1029.0	1123.0	https://github.com/Alluxio/alluxio
6	11	1029.0	1123.0	https://github.com/Alluxio/alluxio
6	11	1029.0	1123.0	https://github.com/Alluxio/alluxio
6	6	1029.0	1123.0	https://github.com/Alluxio/alluxio
6	6	1029.0	1123.0	https://github.com/Alluxio/alluxio
327	3438	1029.0	1123.0	https://github.com/Alluxio/alluxio
327	306	1029.0	1123.0	https://github.com/Alluxio/alluxio
327	793	1029.0	1123.0	https://github.com/Alluxio/alluxio
327	793	1029.0	1123.0	https://github.com/Alluxio/alluxio
14	7	1029.0	1123.0	https://github.com/Alluxio/alluxio
14	7	1029.0	1123.0	https://github.com/Alluxio/alluxio
14	41	1029.0	1123.0	https://github.com/Alluxio/alluxio
203	130	1029.0	1123.0	https://github.com/Alluxio/alluxio
203	130	1029.0	1123.0	https://github.com/Alluxio/alluxio
203	130	1029.0	1123.0	https://github.com/Alluxio/alluxio
14	52	1029.0	1123.0	https://github.com/Alluxio/alluxio
13	98	1029.0	1123.0	https://github.com/Alluxio/alluxio
34	0	1029.0	1123.0	https://github.com/Alluxio/alluxio
42	22	1029.0	1123.0	https://github.com/Alluxio/alluxio
42	22	1029.0	1123.0	https://github.com/Alluxio/alluxio
14	0	1029.0	1123.0	https://github.com/Alluxio/alluxio
34	1289	1029.0	1123.0	https://github.com/Alluxio/alluxio
34	1289	1029.0	1123.0	https://github.com/Alluxio/alluxio
327	65	1029.0	1123.0	https://github.com/Alluxio/alluxio
327	17922	1029.0	1123.0	https://github.com/Alluxio/alluxio
327	17922	1029.0	1123.0	https://github.com/Alluxio/alluxio
14	0	1029.0	1123.0	https://github.com/Alluxio/alluxio
70	0	1029.0	1123.0	https://github.com/Alluxio/alluxio
70	0	1029.0	1123.0	https://github.com/Alluxio/alluxio
34	0	1029.0	1123.0	https://github.com/Alluxio/alluxio
34	5906	1029.0	1123.0	https://github.com/Alluxio/alluxio
34	11	1029.0	1123.0	https://github.com/Alluxio/alluxio
34	11	1029.0	1123.0	https://github.com/Alluxio/alluxio
34	11	1029.0	1123.0	https://github.com/Alluxio/alluxio
34	11	1029.0	1123.0	https://github.com/Alluxio/alluxio
34	11	1029.0	1123.0	https://github.com/Alluxio/alluxio
34	11	1029.0	1123.0	https://github.com/Alluxio/alluxio
34	11	1029.0	1123.0	https://github.com/Alluxio/alluxio
327	24	1029.0	1123.0	https://github.com/Alluxio/alluxio
4	1698	1029.0	1123.0	https://github.com/Alluxio/alluxio
203	0	1029.0	1123.0	https://github.com/Alluxio/alluxio
203	0	1029.0	1123.0	https://github.com/Alluxio/alluxio
203	0	1029.0	1123.0	https://github.com/Alluxio/alluxio
203	0	1029.0	1123.0	https://github.com/Alluxio/alluxio
203	0	1029.0	1123.0	https://github.com/Alluxio/alluxio
203	0	1029.0	1123.0	https://github.com/Alluxio/alluxio
34	22	1029.0	1123.0	https://github.com/Alluxio/alluxio
34	22	1029.0	1123.0	https://github.com/Alluxio/alluxio
34	22	1029.0	1123.0	https://github.com/Alluxio/alluxio
327	1869	1029.0	1123.0	https://github.com/Alluxio/alluxio
327	1869	1029.0	1123.0	https://github.com/Alluxio/alluxio
6	1816	1029.0	1123.0	https://github.com/Alluxio/alluxio
6	1816	1029.0	1123.0	https://github.com/Alluxio/alluxio
13	13	1029.0	1123.0	https://github.com/Alluxio/alluxio
13	13	1029.0	1123.0	https://github.com/Alluxio/alluxio
13	13	1029.0	1123.0	https://github.com/Alluxio/alluxio
13	13	1029.0	1123.0	https://github.com/Alluxio/alluxio
13	6	1029.0	1123.0	https://github.com/Alluxio/alluxio
13	6	1029.0	1123.0	https://github.com/Alluxio/alluxio
13	0	1029.0	1123.0	https://github.com/Alluxio/alluxio
13	0	1029.0	1123.0	https://github.com/Alluxio/alluxio
42	2	1029.0	1123.0	https://github.com/Alluxio/alluxio
203	388	1029.0	1123.0	https://github.com/Alluxio/alluxio
14	57	1029.0	1123.0	https://github.com/Alluxio/alluxio
13	1498	1029.0	1123.0	https://github.com/Alluxio/alluxio
203	38	1029.0	1123.0	https://github.com/Alluxio/alluxio
13	51	1029.0	1123.0	https://github.com/Alluxio/alluxio
11	114	1029.0	1123.0	https://github.com/Alluxio/alluxio
14	532	1029.0	1123.0	https://github.com/Alluxio/alluxio
14	10	1029.0	1123.0	https://github.com/Alluxio/alluxio
14	10	1029.0	1123.0	https://github.com/Alluxio/alluxio
14	10	1029.0	1123.0	https://github.com/Alluxio/alluxio
14	10	1029.0	1123.0	https://github.com/Alluxio/alluxio
203	233	1029.0	1123.0	https://github.com/Alluxio/alluxio
14	4	1029.0	1123.0	https://github.com/Alluxio/alluxio
14	4	1029.0	1123.0	https://github.com/Alluxio/alluxio
47	33	1029.0	1123.0	https://github.com/Alluxio/alluxio
14	0	1029.0	1123.0	https://github.com/Alluxio/alluxio
85	1077	1029.0	1123.0	https://github.com/Alluxio/alluxio
34	41	1029.0	1123.0	https://github.com/Alluxio/alluxio
24	5193	1029.0	1123.0	https://github.com/Alluxio/alluxio
24	5193	1029.0	1123.0	https://github.com/Alluxio/alluxio
31	34	1029.0	1123.0	https://github.com/Alluxio/alluxio
31	278	1029.0	1123.0	https://github.com/Alluxio/alluxio
31	278	1029.0	1123.0	https://github.com/Alluxio/alluxio
31	278	1029.0	1123.0	https://github.com/Alluxio/alluxio
31	21	1029.0	1123.0	https://github.com/Alluxio/alluxio
31	21	1029.0	1123.0	https://github.com/Alluxio/alluxio
85	61	1029.0	1123.0	https://github.com/Alluxio/alluxio
85	61	1029.0	1123.0	https://github.com/Alluxio/alluxio
85	61	1029.0	1123.0	https://github.com/Alluxio/alluxio
85	61	1029.0	1123.0	https://github.com/Alluxio/alluxio
0	57	1029.0	1123.0	https://github.com/Alluxio/alluxio
0	57	1029.0	1123.0	https://github.com/Alluxio/alluxio
0	57	1029.0	1123.0	https://github.com/Alluxio/alluxio
0	57	1029.0	1123.0	https://github.com/Alluxio/alluxio
203	124	1029.0	1123.0	https://github.com/Alluxio/alluxio
203	124	1029.0	1123.0	https://github.com/Alluxio/alluxio
31	1	1029.0	1123.0	https://github.com/Alluxio/alluxio
42	27	1029.0	1123.0	https://github.com/Alluxio/alluxio
42	27	1029.0	1123.0	https://github.com/Alluxio/alluxio
42	18	1029.0	1123.0	https://github.com/Alluxio/alluxio
42	108	1029.0	1123.0	https://github.com/Alluxio/alluxio
42	108	1029.0	1123.0	https://github.com/Alluxio/alluxio
34	2672	1029.0	1123.0	https://github.com/Alluxio/alluxio
34	94	1029.0	1123.0	https://github.com/Alluxio/alluxio
15	600	1029.0	1123.0	https://github.com/Alluxio/alluxio
33	82	1029.0	1123.0	https://github.com/Alluxio/alluxio
24	0	1029.0	1123.0	https://github.com/Alluxio/alluxio
24	0	1029.0	1123.0	https://github.com/Alluxio/alluxio
24	0	1029.0	1123.0	https://github.com/Alluxio/alluxio
85	217	1029.0	1123.0	https://github.com/Alluxio/alluxio
42	97	1029.0	1123.0	https://github.com/Alluxio/alluxio
42	97	1029.0	1123.0	https://github.com/Alluxio/alluxio
6	38	1029.0	1123.0	https://github.com/Alluxio/alluxio
85	5	1029.0	1123.0	https://github.com/Alluxio/alluxio
85	5	1029.0	1123.0	https://github.com/Alluxio/alluxio
85	5	1029.0	1123.0	https://github.com/Alluxio/alluxio
85	5	1029.0	1123.0	https://github.com/Alluxio/alluxio
0	2	1029.0	1123.0	https://github.com/Alluxio/alluxio
42	71	1029.0	1123.0	https://github.com/Alluxio/alluxio
24	8	1029.0	1123.0	https://github.com/Alluxio/alluxio
85	5	1029.0	1123.0	https://github.com/Alluxio/alluxio
24	234	1029.0	1123.0	https://github.com/Alluxio/alluxio
24	234	1029.0	1123.0	https://github.com/Alluxio/alluxio
34	0	1029.0	1123.0	https://github.com/Alluxio/alluxio
34	0	1029.0	1123.0	https://github.com/Alluxio/alluxio
34	0	1029.0	1123.0	https://github.com/Alluxio/alluxio
34	0	1029.0	1123.0	https://github.com/Alluxio/alluxio
34	0	1029.0	1123.0	https://github.com/Alluxio/alluxio
34	0	1029.0	1123.0	https://github.com/Alluxio/alluxio
34	242	1029.0	1123.0	https://github.com/Alluxio/alluxio
34	242	1029.0	1123.0	https://github.com/Alluxio/alluxio
65	0	1029.0	1123.0	https://github.com/Alluxio/alluxio
65	0	1029.0	1123.0	https://github.com/Alluxio/alluxio
65	0	1029.0	1123.0	https://github.com/Alluxio/alluxio
65	0	1029.0	1123.0	https://github.com/Alluxio/alluxio
65	0	1029.0	1123.0	https://github.com/Alluxio/alluxio
65	0	1029.0	1123.0	https://github.com/Alluxio/alluxio
203	188	1029.0	1123.0	https://github.com/Alluxio/alluxio
203	188	1029.0	1123.0	https://github.com/Alluxio/alluxio
203	188	1029.0	1123.0	https://github.com/Alluxio/alluxio
31	10	1029.0	1123.0	https://github.com/Alluxio/alluxio
31	73	1029.0	1123.0	https://github.com/Alluxio/alluxio
31	1393	1029.0	1123.0	https://github.com/Alluxio/alluxio
31	1393	1029.0	1123.0	https://github.com/Alluxio/alluxio
203	7	1029.0	1123.0	https://github.com/Alluxio/alluxio
65	0	1029.0	1123.0	https://github.com/Alluxio/alluxio
65	0	1029.0	1123.0	https://github.com/Alluxio/alluxio
15	54	1029.0	1123.0	https://github.com/Alluxio/alluxio
34	27	1029.0	1123.0	https://github.com/Alluxio/alluxio
34	457	1029.0	1123.0	https://github.com/Alluxio/alluxio
34	457	1029.0	1123.0	https://github.com/Alluxio/alluxio
11	0	1029.0	1123.0	https://github.com/Alluxio/alluxio
11	0	1029.0	1123.0	https://github.com/Alluxio/alluxio
11	0	1029.0	1123.0	https://github.com/Alluxio/alluxio
11	0	1029.0	1123.0	https://github.com/Alluxio/alluxio
11	0	1029.0	1123.0	https://github.com/Alluxio/alluxio
11	0	1029.0	1123.0	https://github.com/Alluxio/alluxio
11	0	1029.0	1123.0	https://github.com/Alluxio/alluxio
11	0	1029.0	1123.0	https://github.com/Alluxio/alluxio
11	0	1029.0	1123.0	https://github.com/Alluxio/alluxio
11	0	1029.0	1123.0	https://github.com/Alluxio/alluxio
4	4	1029.0	1123.0	https://github.com/Alluxio/alluxio
4	4	1029.0	1123.0	https://github.com/Alluxio/alluxio
4	4	1029.0	1123.0	https://github.com/Alluxio/alluxio
4	4	1029.0	1123.0	https://github.com/Alluxio/alluxio
4	4	1029.0	1123.0	https://github.com/Alluxio/alluxio
4	4	1029.0	1123.0	https://github.com/Alluxio/alluxio
31	2683	1029.0	1123.0	https://github.com/Alluxio/alluxio
31	2683	1029.0	1123.0	https://github.com/Alluxio/alluxio
31	2683	1029.0	1123.0	https://github.com/Alluxio/alluxio
42	1	1029.0	1123.0	https://github.com/Alluxio/alluxio
42	1	1029.0	1123.0	https://github.com/Alluxio/alluxio
42	2331	1029.0	1123.0	https://github.com/Alluxio/alluxio
42	2331	1029.0	1123.0	https://github.com/Alluxio/alluxio
42	2331	1029.0	1123.0	https://github.com/Alluxio/alluxio
42	2331	1029.0	1123.0	https://github.com/Alluxio/alluxio
42	2331	1029.0	1123.0	https://github.com/Alluxio/alluxio
31	0	1029.0	1123.0	https://github.com/Alluxio/alluxio
34	2	1029.0	1123.0	https://github.com/Alluxio/alluxio
203	78	1029.0	1123.0	https://github.com/Alluxio/alluxio
203	257	1029.0	1123.0	https://github.com/Alluxio/alluxio
203	257	1029.0	1123.0	https://github.com/Alluxio/alluxio
3	214	1029.0	1123.0	https://github.com/Alluxio/alluxio
3	214	1029.0	1123.0	https://github.com/Alluxio/alluxio
31	2	1029.0	1123.0	https://github.com/Alluxio/alluxio
31	2	1029.0	1123.0	https://github.com/Alluxio/alluxio
31	2	1029.0	1123.0	https://github.com/Alluxio/alluxio
4	13	1029.0	1123.0	https://github.com/Alluxio/alluxio
4	13	1029.0	1123.0	https://github.com/Alluxio/alluxio
4	31	1029.0	1123.0	https://github.com/Alluxio/alluxio
4	31	1029.0	1123.0	https://github.com/Alluxio/alluxio
4	31	1029.0	1123.0	https://github.com/Alluxio/alluxio
4	31	1029.0	1123.0	https://github.com/Alluxio/alluxio
4	31	1029.0	1123.0	https://github.com/Alluxio/alluxio
203	1498	1029.0	1123.0	https://github.com/Alluxio/alluxio
24	13	1029.0	1123.0	https://github.com/Alluxio/alluxio
24	13	1029.0	1123.0	https://github.com/Alluxio/alluxio
24	13	1029.0	1123.0	https://github.com/Alluxio/alluxio
24	13	1029.0	1123.0	https://github.com/Alluxio/alluxio
24	13	1029.0	1123.0	https://github.com/Alluxio/alluxio
24	13	1029.0	1123.0	https://github.com/Alluxio/alluxio
0	139	1029.0	1123.0	https://github.com/Alluxio/alluxio
203	944	1029.0	1123.0	https://github.com/Alluxio/alluxio
203	944	1029.0	1123.0	https://github.com/Alluxio/alluxio
31	456	1029.0	1123.0	https://github.com/Alluxio/alluxio
31	456	1029.0	1123.0	https://github.com/Alluxio/alluxio
9	47	1029.0	1123.0	https://github.com/Alluxio/alluxio
9	47	1029.0	1123.0	https://github.com/Alluxio/alluxio
4	922	1029.0	1123.0	https://github.com/Alluxio/alluxio
4	254	1029.0	1123.0	https://github.com/Alluxio/alluxio
0	29	1029.0	1123.0	https://github.com/Alluxio/alluxio
0	29	1029.0	1123.0	https://github.com/Alluxio/alluxio
0	29	1029.0	1123.0	https://github.com/Alluxio/alluxio
0	105	1029.0	1123.0	https://github.com/Alluxio/alluxio
0	105	1029.0	1123.0	https://github.com/Alluxio/alluxio
0	105	1029.0	1123.0	https://github.com/Alluxio/alluxio
0	105	1029.0	1123.0	https://github.com/Alluxio/alluxio
203	12	1029.0	1123.0	https://github.com/Alluxio/alluxio
42	37	1029.0	1123.0	https://github.com/Alluxio/alluxio
42	37	1029.0	1123.0	https://github.com/Alluxio/alluxio
0	27	1029.0	1123.0	https://github.com/Alluxio/alluxio
0	27	1029.0	1123.0	https://github.com/Alluxio/alluxio
42	107	1029.0	1123.0	https://github.com/Alluxio/alluxio
42	107	1029.0	1123.0	https://github.com/Alluxio/alluxio
42	107	1029.0	1123.0	https://github.com/Alluxio/alluxio
42	107	1029.0	1123.0	https://github.com/Alluxio/alluxio
0	136	1029.0	1123.0	https://github.com/Alluxio/alluxio
0	136	1029.0	1123.0	https://github.com/Alluxio/alluxio
0	136	1029.0	1123.0	https://github.com/Alluxio/alluxio
0	136	1029.0	1123.0	https://github.com/Alluxio/alluxio
24	115	1029.0	1123.0	https://github.com/Alluxio/alluxio
31	110	1029.0	1123.0	https://github.com/Alluxio/alluxio
31	7	1029.0	1123.0	https://github.com/Alluxio/alluxio
203	36	1029.0	1123.0	https://github.com/Alluxio/alluxio
31	0	1029.0	1123.0	https://github.com/Alluxio/alluxio
203	0	1029.0	1123.0	https://github.com/Alluxio/alluxio
203	0	1029.0	1123.0	https://github.com/Alluxio/alluxio
0	1264	1029.0	1123.0	https://github.com/Alluxio/alluxio
16	71	1029.0	1123.0	https://github.com/Alluxio/alluxio
7	0	1029.0	1123.0	https://github.com/Alluxio/alluxio
7	0	1029.0	1123.0	https://github.com/Alluxio/alluxio
464	6	1029.0	1123.0	https://github.com/Alluxio/alluxio
464	6	1029.0	1123.0	https://github.com/Alluxio/alluxio
464	222	1029.0	1123.0	https://github.com/Alluxio/alluxio
0	1096	1029.0	1123.0	https://github.com/Alluxio/alluxio
0	1096	1029.0	1123.0	https://github.com/Alluxio/alluxio
464	0	1029.0	1123.0	https://github.com/Alluxio/alluxio
0	118	1029.0	1123.0	https://github.com/Alluxio/alluxio
24	23	1029.0	1123.0	https://github.com/Alluxio/alluxio
24	23	1029.0	1123.0	https://github.com/Alluxio/alluxio
25	18	1029.0	1123.0	https://github.com/Alluxio/alluxio
6	113	1029.0	1123.0	https://github.com/Alluxio/alluxio
6	113	1029.0	1123.0	https://github.com/Alluxio/alluxio
6	113	1029.0	1123.0	https://github.com/Alluxio/alluxio
6	113	1029.0	1123.0	https://github.com/Alluxio/alluxio
6	113	1029.0	1123.0	https://github.com/Alluxio/alluxio
6	113	1029.0	1123.0	https://github.com/Alluxio/alluxio
203	42	1029.0	1123.0	https://github.com/Alluxio/alluxio
203	42	1029.0	1123.0	https://github.com/Alluxio/alluxio
203	42	1029.0	1123.0	https://github.com/Alluxio/alluxio
203	42	1029.0	1123.0	https://github.com/Alluxio/alluxio
42	0	1029.0	1123.0	https://github.com/Alluxio/alluxio
42	0	1029.0	1123.0	https://github.com/Alluxio/alluxio
72	5	1029.0	1123.0	https://github.com/Alluxio/alluxio
72	5	1029.0	1123.0	https://github.com/Alluxio/alluxio
203	731	1029.0	1123.0	https://github.com/Alluxio/alluxio
203	731	1029.0	1123.0	https://github.com/Alluxio/alluxio
203	0	1029.0	1123.0	https://github.com/Alluxio/alluxio
464	206	1029.0	1123.0	https://github.com/Alluxio/alluxio
203	170	1029.0	1123.0	https://github.com/Alluxio/alluxio
464	9	1029.0	1123.0	https://github.com/Alluxio/alluxio
81	81	1029.0	1123.0	https://github.com/Alluxio/alluxio
464	3482	1029.0	1123.0	https://github.com/Alluxio/alluxio
1	1212	1029.0	1123.0	https://github.com/Alluxio/alluxio
464	802	1029.0	1123.0	https://github.com/Alluxio/alluxio
464	802	1029.0	1123.0	https://github.com/Alluxio/alluxio
464	802	1029.0	1123.0	https://github.com/Alluxio/alluxio
464	802	1029.0	1123.0	https://github.com/Alluxio/alluxio
0	4352	1029.0	1123.0	https://github.com/Alluxio/alluxio
0	4352	1029.0	1123.0	https://github.com/Alluxio/alluxio
0	4352	1029.0	1123.0	https://github.com/Alluxio/alluxio
0	4352	1029.0	1123.0	https://github.com/Alluxio/alluxio
16	97	1029.0	1123.0	https://github.com/Alluxio/alluxio
16	97	1029.0	1123.0	https://github.com/Alluxio/alluxio
15	2476	1029.0	1123.0	https://github.com/Alluxio/alluxio
81	1413	1029.0	1123.0	https://github.com/Alluxio/alluxio
464	1377	1029.0	1123.0	https://github.com/Alluxio/alluxio
464	1377	1029.0	1123.0	https://github.com/Alluxio/alluxio
464	1377	1029.0	1123.0	https://github.com/Alluxio/alluxio
464	1377	1029.0	1123.0	https://github.com/Alluxio/alluxio
464	1377	1029.0	1123.0	https://github.com/Alluxio/alluxio
464	1377	1029.0	1123.0	https://github.com/Alluxio/alluxio
464	1377	1029.0	1123.0	https://github.com/Alluxio/alluxio
464	1377	1029.0	1123.0	https://github.com/Alluxio/alluxio
464	1377	1029.0	1123.0	https://github.com/Alluxio/alluxio
464	1377	1029.0	1123.0	https://github.com/Alluxio/alluxio
464	1377	1029.0	1123.0	https://github.com/Alluxio/alluxio
464	1377	1029.0	1123.0	https://github.com/Alluxio/alluxio
464	1377	1029.0	1123.0	https://github.com/Alluxio/alluxio
464	1377	1029.0	1123.0	https://github.com/Alluxio/alluxio
464	1377	1029.0	1123.0	https://github.com/Alluxio/alluxio
464	1377	1029.0	1123.0	https://github.com/Alluxio/alluxio
16	6	1029.0	1123.0	https://github.com/Alluxio/alluxio
16	6	1029.0	1123.0	https://github.com/Alluxio/alluxio
16	6	1029.0	1123.0	https://github.com/Alluxio/alluxio
16	6	1029.0	1123.0	https://github.com/Alluxio/alluxio
16	6	1029.0	1123.0	https://github.com/Alluxio/alluxio
16	6	1029.0	1123.0	https://github.com/Alluxio/alluxio
16	6	1029.0	1123.0	https://github.com/Alluxio/alluxio
16	6	1029.0	1123.0	https://github.com/Alluxio/alluxio
16	6	1029.0	1123.0	https://github.com/Alluxio/alluxio
16	6	1029.0	1123.0	https://github.com/Alluxio/alluxio
16	6	1029.0	1123.0	https://github.com/Alluxio/alluxio
16	6	1029.0	1123.0	https://github.com/Alluxio/alluxio
16	6	1029.0	1123.0	https://github.com/Alluxio/alluxio
16	6	1029.0	1123.0	https://github.com/Alluxio/alluxio
16	6	1029.0	1123.0	https://github.com/Alluxio/alluxio
16	6	1029.0	1123.0	https://github.com/Alluxio/alluxio
0	6	1029.0	1123.0	https://github.com/Alluxio/alluxio
0	6	1029.0	1123.0	https://github.com/Alluxio/alluxio
0	6	1029.0	1123.0	https://github.com/Alluxio/alluxio
0	6	1029.0	1123.0	https://github.com/Alluxio/alluxio
464	593	1029.0	1123.0	https://github.com/Alluxio/alluxio
464	593	1029.0	1123.0	https://github.com/Alluxio/alluxio
464	593	1029.0	1123.0	https://github.com/Alluxio/alluxio
464	593	1029.0	1123.0	https://github.com/Alluxio/alluxio
0	9	1029.0	1123.0	https://github.com/Alluxio/alluxio
0	9	1029.0	1123.0	https://github.com/Alluxio/alluxio
0	9	1029.0	1123.0	https://github.com/Alluxio/alluxio
0	9	1029.0	1123.0	https://github.com/Alluxio/alluxio
464	13	1029.0	1123.0	https://github.com/Alluxio/alluxio
464	22	1029.0	1123.0	https://github.com/Alluxio/alluxio
464	22	1029.0	1123.0	https://github.com/Alluxio/alluxio
464	342	1029.0	1123.0	https://github.com/Alluxio/alluxio
464	342	1029.0	1123.0	https://github.com/Alluxio/alluxio
464	157	1029.0	1123.0	https://github.com/Alluxio/alluxio
59	0	1029.0	1123.0	https://github.com/Alluxio/alluxio
464	87	1029.0	1123.0	https://github.com/Alluxio/alluxio
0	1379	1029.0	1123.0	https://github.com/Alluxio/alluxio
0	1809	1029.0	1123.0	https://github.com/Alluxio/alluxio
464	658	1029.0	1123.0	https://github.com/Alluxio/alluxio
464	821	1029.0	1123.0	https://github.com/Alluxio/alluxio
464	821	1029.0	1123.0	https://github.com/Alluxio/alluxio
464	821	1029.0	1123.0	https://github.com/Alluxio/alluxio
464	821	1029.0	1123.0	https://github.com/Alluxio/alluxio
464	821	1029.0	1123.0	https://github.com/Alluxio/alluxio
464	821	1029.0	1123.0	https://github.com/Alluxio/alluxio
464	821	1029.0	1123.0	https://github.com/Alluxio/alluxio
464	2	1029.0	1123.0	https://github.com/Alluxio/alluxio
464	2	1029.0	1123.0	https://github.com/Alluxio/alluxio
464	2	1029.0	1123.0	https://github.com/Alluxio/alluxio
464	1143	1029.0	1123.0	https://github.com/Alluxio/alluxio
3	1141	1029.0	1123.0	https://github.com/Alluxio/alluxio
464	63	1029.0	1123.0	https://github.com/Alluxio/alluxio
464	63	1029.0	1123.0	https://github.com/Alluxio/alluxio
464	63	1029.0	1123.0	https://github.com/Alluxio/alluxio
464	63	1029.0	1123.0	https://github.com/Alluxio/alluxio
464	63	1029.0	1123.0	https://github.com/Alluxio/alluxio
464	63	1029.0	1123.0	https://github.com/Alluxio/alluxio
464	63	1029.0	1123.0	https://github.com/Alluxio/alluxio
464	63	1029.0	1123.0	https://github.com/Alluxio/alluxio
464	63	1029.0	1123.0	https://github.com/Alluxio/alluxio
1846	0	1353.0	2287.0	https://github.com/apache/flink
1846	73	1353.0	2287.0	https://github.com/apache/flink
40	0	1353.0	2287.0	https://github.com/apache/flink
1846	93	1353.0	2287.0	https://github.com/apache/flink
49	15	1353.0	2287.0	https://github.com/apache/flink
49	15	1353.0	2287.0	https://github.com/apache/flink
49	15	1353.0	2287.0	https://github.com/apache/flink
35	0	1353.0	2287.0	https://github.com/apache/flink
246	0	1353.0	2287.0	https://github.com/apache/flink
64	73	1353.0	2287.0	https://github.com/apache/flink
49	1	1353.0	2287.0	https://github.com/apache/flink
205	7	1353.0	2287.0	https://github.com/apache/flink
205	7	1353.0	2287.0	https://github.com/apache/flink
49	0	1353.0	2287.0	https://github.com/apache/flink
49	0	1353.0	2287.0	https://github.com/apache/flink
68	2	1353.0	2287.0	https://github.com/apache/flink
210	0	1353.0	2287.0	https://github.com/apache/flink
30	60	1353.0	2287.0	https://github.com/apache/flink
30	60	1353.0	2287.0	https://github.com/apache/flink
68	30	1353.0	2287.0	https://github.com/apache/flink
68	30	1353.0	2287.0	https://github.com/apache/flink
68	30	1353.0	2287.0	https://github.com/apache/flink
68	30	1353.0	2287.0	https://github.com/apache/flink
68	30	1353.0	2287.0	https://github.com/apache/flink
68	30	1353.0	2287.0	https://github.com/apache/flink
68	30	1353.0	2287.0	https://github.com/apache/flink
68	30	1353.0	2287.0	https://github.com/apache/flink
0	170	1353.0	2287.0	https://github.com/apache/flink
88	119	1353.0	2287.0	https://github.com/apache/flink
205	159	1353.0	2287.0	https://github.com/apache/flink
205	352	1353.0	2287.0	https://github.com/apache/flink
49	26	1353.0	2287.0	https://github.com/apache/flink
49	26	1353.0	2287.0	https://github.com/apache/flink
30	5021	1353.0	2287.0	https://github.com/apache/flink
30	5021	1353.0	2287.0	https://github.com/apache/flink
49	0	1353.0	2287.0	https://github.com/apache/flink
205	9	1353.0	2287.0	https://github.com/apache/flink
68	2	1353.0	2287.0	https://github.com/apache/flink
88	0	1353.0	2287.0	https://github.com/apache/flink
30	80	1353.0	2287.0	https://github.com/apache/flink
205	96	1353.0	2287.0	https://github.com/apache/flink
35	499	1353.0	2287.0	https://github.com/apache/flink
68	0	1353.0	2287.0	https://github.com/apache/flink
68	0	1353.0	2287.0	https://github.com/apache/flink
42	69	1353.0	2287.0	https://github.com/apache/flink
42	69	1353.0	2287.0	https://github.com/apache/flink
49	14	1353.0	2287.0	https://github.com/apache/flink
49	14	1353.0	2287.0	https://github.com/apache/flink
49	14	1353.0	2287.0	https://github.com/apache/flink
49	14	1353.0	2287.0	https://github.com/apache/flink
49	14	1353.0	2287.0	https://github.com/apache/flink
35	195	1353.0	2287.0	https://github.com/apache/flink
35	195	1353.0	2287.0	https://github.com/apache/flink
49	0	1353.0	2287.0	https://github.com/apache/flink
49	0	1353.0	2287.0	https://github.com/apache/flink
49	0	1353.0	2287.0	https://github.com/apache/flink
49	0	1353.0	2287.0	https://github.com/apache/flink
49	0	1353.0	2287.0	https://github.com/apache/flink
35	962	1353.0	2287.0	https://github.com/apache/flink
35	962	1353.0	2287.0	https://github.com/apache/flink
35	962	1353.0	2287.0	https://github.com/apache/flink
0	0	1353.0	2287.0	https://github.com/apache/flink
88	2	1353.0	2287.0	https://github.com/apache/flink
205	0	1353.0	2287.0	https://github.com/apache/flink
205	0	1353.0	2287.0	https://github.com/apache/flink
205	0	1353.0	2287.0	https://github.com/apache/flink
205	0	1353.0	2287.0	https://github.com/apache/flink
205	0	1353.0	2287.0	https://github.com/apache/flink
205	0	1353.0	2287.0	https://github.com/apache/flink
205	0	1353.0	2287.0	https://github.com/apache/flink
205	0	1353.0	2287.0	https://github.com/apache/flink
205	0	1353.0	2287.0	https://github.com/apache/flink
205	0	1353.0	2287.0	https://github.com/apache/flink
205	0	1353.0	2287.0	https://github.com/apache/flink
205	0	1353.0	2287.0	https://github.com/apache/flink
205	0	1353.0	2287.0	https://github.com/apache/flink
205	0	1353.0	2287.0	https://github.com/apache/flink
205	0	1353.0	2287.0	https://github.com/apache/flink
205	0	1353.0	2287.0	https://github.com/apache/flink
205	0	1353.0	2287.0	https://github.com/apache/flink
123	260	1353.0	2287.0	https://github.com/apache/flink
123	260	1353.0	2287.0	https://github.com/apache/flink
68	203	1353.0	2287.0	https://github.com/apache/flink
88	0	1353.0	2287.0	https://github.com/apache/flink
123	123	1353.0	2287.0	https://github.com/apache/flink
123	123	1353.0	2287.0	https://github.com/apache/flink
205	152	1353.0	2287.0	https://github.com/apache/flink
205	152	1353.0	2287.0	https://github.com/apache/flink
123	0	1353.0	2287.0	https://github.com/apache/flink
246	0	1353.0	2287.0	https://github.com/apache/flink
246	0	1353.0	2287.0	https://github.com/apache/flink
68	0	1353.0	2287.0	https://github.com/apache/flink
68	0	1353.0	2287.0	https://github.com/apache/flink
68	0	1353.0	2287.0	https://github.com/apache/flink
68	0	1353.0	2287.0	https://github.com/apache/flink
68	0	1353.0	2287.0	https://github.com/apache/flink
68	0	1353.0	2287.0	https://github.com/apache/flink
205	0	1353.0	2287.0	https://github.com/apache/flink
205	0	1353.0	2287.0	https://github.com/apache/flink
205	0	1353.0	2287.0	https://github.com/apache/flink
205	0	1353.0	2287.0	https://github.com/apache/flink
123	145	1353.0	2287.0	https://github.com/apache/flink
123	145	1353.0	2287.0	https://github.com/apache/flink
68	7	1353.0	2287.0	https://github.com/apache/flink
246	0	1353.0	2287.0	https://github.com/apache/flink
246	0	1353.0	2287.0	https://github.com/apache/flink
246	85	1353.0	2287.0	https://github.com/apache/flink
246	85	1353.0	2287.0	https://github.com/apache/flink
210	0	1353.0	2287.0	https://github.com/apache/flink
210	0	1353.0	2287.0	https://github.com/apache/flink
42	134	1353.0	2287.0	https://github.com/apache/flink
42	134	1353.0	2287.0	https://github.com/apache/flink
246	1	1353.0	2287.0	https://github.com/apache/flink
11	7	1353.0	2287.0	https://github.com/apache/flink
11	7	1353.0	2287.0	https://github.com/apache/flink
246	1	1353.0	2287.0	https://github.com/apache/flink
246	1	1353.0	2287.0	https://github.com/apache/flink
246	1	1353.0	2287.0	https://github.com/apache/flink
246	1	1353.0	2287.0	https://github.com/apache/flink
11	140	1353.0	2287.0	https://github.com/apache/flink
196	1	1353.0	2287.0	https://github.com/apache/flink
196	1	1353.0	2287.0	https://github.com/apache/flink
196	1	1353.0	2287.0	https://github.com/apache/flink
210	0	1353.0	2287.0	https://github.com/apache/flink
210	0	1353.0	2287.0	https://github.com/apache/flink
246	1449	1353.0	2287.0	https://github.com/apache/flink
56	3	1353.0	2287.0	https://github.com/apache/flink
56	3	1353.0	2287.0	https://github.com/apache/flink
184	0	1353.0	2287.0	https://github.com/apache/flink
210	534	1353.0	2287.0	https://github.com/apache/flink
246	1144	1353.0	2287.0	https://github.com/apache/flink
246	1144	1353.0	2287.0	https://github.com/apache/flink
42	138	1353.0	2287.0	https://github.com/apache/flink
42	138	1353.0	2287.0	https://github.com/apache/flink
38	1409	1353.0	2287.0	https://github.com/apache/flink
38	1409	1353.0	2287.0	https://github.com/apache/flink
38	1409	1353.0	2287.0	https://github.com/apache/flink
42	582	1353.0	2287.0	https://github.com/apache/flink
42	582	1353.0	2287.0	https://github.com/apache/flink
42	582	1353.0	2287.0	https://github.com/apache/flink
246	19	1353.0	2287.0	https://github.com/apache/flink
24	352	1353.0	2287.0	https://github.com/apache/flink
196	94	1353.0	2287.0	https://github.com/apache/flink
196	94	1353.0	2287.0	https://github.com/apache/flink
196	78	1353.0	2287.0	https://github.com/apache/flink
196	78	1353.0	2287.0	https://github.com/apache/flink
42	597	1353.0	2287.0	https://github.com/apache/flink
205	922	1353.0	2287.0	https://github.com/apache/flink
205	922	1353.0	2287.0	https://github.com/apache/flink
123	7	1353.0	2287.0	https://github.com/apache/flink
123	7	1353.0	2287.0	https://github.com/apache/flink
246	1310	1353.0	2287.0	https://github.com/apache/flink
246	0	1353.0	2287.0	https://github.com/apache/flink
246	0	1353.0	2287.0	https://github.com/apache/flink
246	0	1353.0	2287.0	https://github.com/apache/flink
246	0	1353.0	2287.0	https://github.com/apache/flink
123	2767	1353.0	2287.0	https://github.com/apache/flink
210	1107	1353.0	2287.0	https://github.com/apache/flink
210	1107	1353.0	2287.0	https://github.com/apache/flink
246	0	1353.0	2287.0	https://github.com/apache/flink
246	0	1353.0	2287.0	https://github.com/apache/flink
246	0	1353.0	2287.0	https://github.com/apache/flink
246	0	1353.0	2287.0	https://github.com/apache/flink
246	0	1353.0	2287.0	https://github.com/apache/flink
246	0	1353.0	2287.0	https://github.com/apache/flink
246	0	1353.0	2287.0	https://github.com/apache/flink
246	0	1353.0	2287.0	https://github.com/apache/flink
246	0	1353.0	2287.0	https://github.com/apache/flink
246	0	1353.0	2287.0	https://github.com/apache/flink
246	0	1353.0	2287.0	https://github.com/apache/flink
246	0	1353.0	2287.0	https://github.com/apache/flink
246	0	1353.0	2287.0	https://github.com/apache/flink
246	0	1353.0	2287.0	https://github.com/apache/flink
246	0	1353.0	2287.0	https://github.com/apache/flink
246	0	1353.0	2287.0	https://github.com/apache/flink
246	0	1353.0	2287.0	https://github.com/apache/flink
246	0	1353.0	2287.0	https://github.com/apache/flink
246	0	1353.0	2287.0	https://github.com/apache/flink
246	0	1353.0	2287.0	https://github.com/apache/flink
246	0	1353.0	2287.0	https://github.com/apache/flink
246	0	1353.0	2287.0	https://github.com/apache/flink
246	0	1353.0	2287.0	https://github.com/apache/flink
246	0	1353.0	2287.0	https://github.com/apache/flink
196	1353	1353.0	2287.0	https://github.com/apache/flink
196	5	1353.0	2287.0	https://github.com/apache/flink
0	2	1353.0	2287.0	https://github.com/apache/flink
0	2	1353.0	2287.0	https://github.com/apache/flink
0	0	1353.0	2287.0	https://github.com/apache/flink
0	0	1353.0	2287.0	https://github.com/apache/flink
0	0	1353.0	2287.0	https://github.com/apache/flink
0	0	1353.0	2287.0	https://github.com/apache/flink
0	0	1353.0	2287.0	https://github.com/apache/flink
0	0	1353.0	2287.0	https://github.com/apache/flink
0	0	1353.0	2287.0	https://github.com/apache/flink
0	0	1353.0	2287.0	https://github.com/apache/flink
0	2	1353.0	2287.0	https://github.com/apache/flink
0	2	1353.0	2287.0	https://github.com/apache/flink
0	0	1353.0	2287.0	https://github.com/apache/flink
0	0	1353.0	2287.0	https://github.com/apache/flink
0	1173	1353.0	2287.0	https://github.com/apache/flink
0	4	1353.0	2287.0	https://github.com/apache/flink
0	0	1353.0	2287.0	https://github.com/apache/flink
0	0	1353.0	2287.0	https://github.com/apache/flink
0	50718	1353.0	2287.0	https://github.com/apache/flink
0	50718	1353.0	2287.0	https://github.com/apache/flink
0	50718	1353.0	2287.0	https://github.com/apache/flink
0	50718	1353.0	2287.0	https://github.com/apache/flink
0	50718	1353.0	2287.0	https://github.com/apache/flink
0	50718	1353.0	2287.0	https://github.com/apache/flink
0	50718	1353.0	2287.0	https://github.com/apache/flink
0	50718	1353.0	2287.0	https://github.com/apache/flink
0	50718	1353.0	2287.0	https://github.com/apache/flink
0	50718	1353.0	2287.0	https://github.com/apache/flink
0	50718	1353.0	2287.0	https://github.com/apache/flink
0	50718	1353.0	2287.0	https://github.com/apache/flink
0	50718	1353.0	2287.0	https://github.com/apache/flink
0	50718	1353.0	2287.0	https://github.com/apache/flink
0	50718	1353.0	2287.0	https://github.com/apache/flink
0	50718	1353.0	2287.0	https://github.com/apache/flink
0	50718	1353.0	2287.0	https://github.com/apache/flink
0	50718	1353.0	2287.0	https://github.com/apache/flink
0	50718	1353.0	2287.0	https://github.com/apache/flink
0	50718	1353.0	2287.0	https://github.com/apache/flink
0	50718	1353.0	2287.0	https://github.com/apache/flink
0	50718	1353.0	2287.0	https://github.com/apache/flink
0	50718	1353.0	2287.0	https://github.com/apache/flink
0	50718	1353.0	2287.0	https://github.com/apache/flink
0	1741	1353.0	2287.0	https://github.com/apache/flink
0	1741	1353.0	2287.0	https://github.com/apache/flink
0	1741	1353.0	2287.0	https://github.com/apache/flink
0	1741	1353.0	2287.0	https://github.com/apache/flink
0	1741	1353.0	2287.0	https://github.com/apache/flink
0	1741	1353.0	2287.0	https://github.com/apache/flink
0	1741	1353.0	2287.0	https://github.com/apache/flink
0	1741	1353.0	2287.0	https://github.com/apache/flink
0	1741	1353.0	2287.0	https://github.com/apache/flink
0	1741	1353.0	2287.0	https://github.com/apache/flink
0	1741	1353.0	2287.0	https://github.com/apache/flink
0	1741	1353.0	2287.0	https://github.com/apache/flink
0	1741	1353.0	2287.0	https://github.com/apache/flink
0	1741	1353.0	2287.0	https://github.com/apache/flink
0	1741	1353.0	2287.0	https://github.com/apache/flink
0	1741	1353.0	2287.0	https://github.com/apache/flink
0	1741	1353.0	2287.0	https://github.com/apache/flink
0	1741	1353.0	2287.0	https://github.com/apache/flink
0	1741	1353.0	2287.0	https://github.com/apache/flink
0	1741	1353.0	2287.0	https://github.com/apache/flink
0	1741	1353.0	2287.0	https://github.com/apache/flink
17	297	463.0	3000.0	https://github.com/Graylog2/graylog2-server
47	0	463.0	3000.0	https://github.com/Graylog2/graylog2-server
47	0	463.0	3000.0	https://github.com/Graylog2/graylog2-server
47	0	463.0	3000.0	https://github.com/Graylog2/graylog2-server
47	0	463.0	3000.0	https://github.com/Graylog2/graylog2-server
47	0	463.0	3000.0	https://github.com/Graylog2/graylog2-server
55	1034	463.0	3000.0	https://github.com/Graylog2/graylog2-server
130	29	463.0	3000.0	https://github.com/Graylog2/graylog2-server
47	3027	463.0	3000.0	https://github.com/Graylog2/graylog2-server
185	18	463.0	3000.0	https://github.com/Graylog2/graylog2-server
47	7350	463.0	3000.0	https://github.com/Graylog2/graylog2-server
47	7350	463.0	3000.0	https://github.com/Graylog2/graylog2-server
56	2	463.0	3000.0	https://github.com/Graylog2/graylog2-server
130	894	463.0	3000.0	https://github.com/Graylog2/graylog2-server
130	108	463.0	3000.0	https://github.com/Graylog2/graylog2-server
246	118	463.0	3000.0	https://github.com/Graylog2/graylog2-server
246	118	463.0	3000.0	https://github.com/Graylog2/graylog2-server
130	19	463.0	3000.0	https://github.com/Graylog2/graylog2-server
130	19	463.0	3000.0	https://github.com/Graylog2/graylog2-server
56	7	463.0	3000.0	https://github.com/Graylog2/graylog2-server
47	0	463.0	3000.0	https://github.com/Graylog2/graylog2-server
47	0	463.0	3000.0	https://github.com/Graylog2/graylog2-server
47	0	463.0	3000.0	https://github.com/Graylog2/graylog2-server
47	0	463.0	3000.0	https://github.com/Graylog2/graylog2-server
130	0	463.0	3000.0	https://github.com/Graylog2/graylog2-server
130	0	463.0	3000.0	https://github.com/Graylog2/graylog2-server
0	1375	463.0	3000.0	https://github.com/Graylog2/graylog2-server
0	1375	463.0	3000.0	https://github.com/Graylog2/graylog2-server
0	1375	463.0	3000.0	https://github.com/Graylog2/graylog2-server
0	31	463.0	3000.0	https://github.com/Graylog2/graylog2-server
0	0	463.0	3000.0	https://github.com/Graylog2/graylog2-server
0	0	463.0	3000.0	https://github.com/Graylog2/graylog2-server
56	7	463.0	3000.0	https://github.com/Graylog2/graylog2-server
56	7	463.0	3000.0	https://github.com/Graylog2/graylog2-server
47	0	463.0	3000.0	https://github.com/Graylog2/graylog2-server
0	1285	463.0	3000.0	https://github.com/Graylog2/graylog2-server
130	46194	463.0	3000.0	https://github.com/Graylog2/graylog2-server
50	29	463.0	3000.0	https://github.com/Graylog2/graylog2-server
56	5	463.0	3000.0	https://github.com/Graylog2/graylog2-server
56	7099	463.0	3000.0	https://github.com/Graylog2/graylog2-server
56	7099	463.0	3000.0	https://github.com/Graylog2/graylog2-server
47	0	463.0	3000.0	https://github.com/Graylog2/graylog2-server
0	97	463.0	3000.0	https://github.com/Graylog2/graylog2-server
130	49	463.0	3000.0	https://github.com/Graylog2/graylog2-server
130	49	463.0	3000.0	https://github.com/Graylog2/graylog2-server
56	26	463.0	3000.0	https://github.com/Graylog2/graylog2-server
56	11	463.0	3000.0	https://github.com/Graylog2/graylog2-server
56	11	463.0	3000.0	https://github.com/Graylog2/graylog2-server
47	2637	463.0	3000.0	https://github.com/Graylog2/graylog2-server
47	2637	463.0	3000.0	https://github.com/Graylog2/graylog2-server
47	2637	463.0	3000.0	https://github.com/Graylog2/graylog2-server
47	2637	463.0	3000.0	https://github.com/Graylog2/graylog2-server
47	2637	463.0	3000.0	https://github.com/Graylog2/graylog2-server
47	2637	463.0	3000.0	https://github.com/Graylog2/graylog2-server
47	33	463.0	3000.0	https://github.com/Graylog2/graylog2-server
0	7	463.0	3000.0	https://github.com/Graylog2/graylog2-server
0	7	463.0	3000.0	https://github.com/Graylog2/graylog2-server
0	1569	463.0	3000.0	https://github.com/Graylog2/graylog2-server
50	3117	463.0	3000.0	https://github.com/Graylog2/graylog2-server
50	35	463.0	3000.0	https://github.com/Graylog2/graylog2-server
56	863	463.0	3000.0	https://github.com/Graylog2/graylog2-server
130	25	463.0	3000.0	https://github.com/Graylog2/graylog2-server
130	25	463.0	3000.0	https://github.com/Graylog2/graylog2-server
130	25	463.0	3000.0	https://github.com/Graylog2/graylog2-server
130	68	463.0	3000.0	https://github.com/Graylog2/graylog2-server
47	20	463.0	3000.0	https://github.com/Graylog2/graylog2-server
47	20	463.0	3000.0	https://github.com/Graylog2/graylog2-server
47	20	463.0	3000.0	https://github.com/Graylog2/graylog2-server
47	20	463.0	3000.0	https://github.com/Graylog2/graylog2-server
47	60	463.0	3000.0	https://github.com/Graylog2/graylog2-server
47	24	463.0	3000.0	https://github.com/Graylog2/graylog2-server
47	24	463.0	3000.0	https://github.com/Graylog2/graylog2-server
47	24	463.0	3000.0	https://github.com/Graylog2/graylog2-server
47	24	463.0	3000.0	https://github.com/Graylog2/graylog2-server
56	2	463.0	3000.0	https://github.com/Graylog2/graylog2-server
56	2	463.0	3000.0	https://github.com/Graylog2/graylog2-server
56	2	463.0	3000.0	https://github.com/Graylog2/graylog2-server
56	2	463.0	3000.0	https://github.com/Graylog2/graylog2-server
56	2	463.0	3000.0	https://github.com/Graylog2/graylog2-server
56	2	463.0	3000.0	https://github.com/Graylog2/graylog2-server
56	18	463.0	3000.0	https://github.com/Graylog2/graylog2-server
0	3	463.0	3000.0	https://github.com/Graylog2/graylog2-server
47	1	463.0	3000.0	https://github.com/Graylog2/graylog2-server
130	6	463.0	3000.0	https://github.com/Graylog2/graylog2-server
130	6	463.0	3000.0	https://github.com/Graylog2/graylog2-server
197	22	463.0	3000.0	https://github.com/Graylog2/graylog2-server
0	9	463.0	3000.0	https://github.com/Graylog2/graylog2-server
0	9	463.0	3000.0	https://github.com/Graylog2/graylog2-server
0	5495	463.0	3000.0	https://github.com/Graylog2/graylog2-server
0	5495	463.0	3000.0	https://github.com/Graylog2/graylog2-server
0	1461	463.0	3000.0	https://github.com/Graylog2/graylog2-server
47	2713	463.0	3000.0	https://github.com/Graylog2/graylog2-server
47	2713	463.0	3000.0	https://github.com/Graylog2/graylog2-server
0	3265	463.0	3000.0	https://github.com/Graylog2/graylog2-server
0	3265	463.0	3000.0	https://github.com/Graylog2/graylog2-server
130	1	463.0	3000.0	https://github.com/Graylog2/graylog2-server
47	9664	463.0	3000.0	https://github.com/Graylog2/graylog2-server
47	9664	463.0	3000.0	https://github.com/Graylog2/graylog2-server
47	9664	463.0	3000.0	https://github.com/Graylog2/graylog2-server
0	4178	463.0	3000.0	https://github.com/Graylog2/graylog2-server
0	4178	463.0	3000.0	https://github.com/Graylog2/graylog2-server
0	73	463.0	3000.0	https://github.com/Graylog2/graylog2-server
0	5	463.0	3000.0	https://github.com/Graylog2/graylog2-server
0	5	463.0	3000.0	https://github.com/Graylog2/graylog2-server
0	4287	463.0	3000.0	https://github.com/Graylog2/graylog2-server
0	4287	463.0	3000.0	https://github.com/Graylog2/graylog2-server
0	4287	463.0	3000.0	https://github.com/Graylog2/graylog2-server
0	417	463.0	3000.0	https://github.com/Graylog2/graylog2-server
56	16	463.0	3000.0	https://github.com/Graylog2/graylog2-server
47	0	463.0	3000.0	https://github.com/Graylog2/graylog2-server
47	0	463.0	3000.0	https://github.com/Graylog2/graylog2-server
47	0	463.0	3000.0	https://github.com/Graylog2/graylog2-server
47	0	463.0	3000.0	https://github.com/Graylog2/graylog2-server
47	0	463.0	3000.0	https://github.com/Graylog2/graylog2-server
47	0	463.0	3000.0	https://github.com/Graylog2/graylog2-server
56	5	463.0	3000.0	https://github.com/Graylog2/graylog2-server
56	5	463.0	3000.0	https://github.com/Graylog2/graylog2-server
56	18	463.0	3000.0	https://github.com/Graylog2/graylog2-server
56	18	463.0	3000.0	https://github.com/Graylog2/graylog2-server
56	15	463.0	3000.0	https://github.com/Graylog2/graylog2-server
56	11	463.0	3000.0	https://github.com/Graylog2/graylog2-server
0	1603	463.0	3000.0	https://github.com/Graylog2/graylog2-server
0	1603	463.0	3000.0	https://github.com/Graylog2/graylog2-server
0	1603	463.0	3000.0	https://github.com/Graylog2/graylog2-server
56	127	463.0	3000.0	https://github.com/Graylog2/graylog2-server
0	196	463.0	3000.0	https://github.com/Graylog2/graylog2-server
0	196	463.0	3000.0	https://github.com/Graylog2/graylog2-server
0	196	463.0	3000.0	https://github.com/Graylog2/graylog2-server
0	196	463.0	3000.0	https://github.com/Graylog2/graylog2-server
0	196	463.0	3000.0	https://github.com/Graylog2/graylog2-server
0	196	463.0	3000.0	https://github.com/Graylog2/graylog2-server
56	843	463.0	3000.0	https://github.com/Graylog2/graylog2-server
47	713	463.0	3000.0	https://github.com/Graylog2/graylog2-server
0	16	463.0	3000.0	https://github.com/Graylog2/graylog2-server
0	16	463.0	3000.0	https://github.com/Graylog2/graylog2-server
0	1029	463.0	3000.0	https://github.com/Graylog2/graylog2-server
0	1029	463.0	3000.0	https://github.com/Graylog2/graylog2-server
56	3	463.0	3000.0	https://github.com/Graylog2/graylog2-server
56	3	463.0	3000.0	https://github.com/Graylog2/graylog2-server
56	3	463.0	3000.0	https://github.com/Graylog2/graylog2-server
47	7	463.0	3000.0	https://github.com/Graylog2/graylog2-server
47	7	463.0	3000.0	https://github.com/Graylog2/graylog2-server
56	63	463.0	3000.0	https://github.com/Graylog2/graylog2-server
0	2	463.0	3000.0	https://github.com/Graylog2/graylog2-server
0	34	463.0	3000.0	https://github.com/Graylog2/graylog2-server
0	17	463.0	3000.0	https://github.com/Graylog2/graylog2-server
0	17	463.0	3000.0	https://github.com/Graylog2/graylog2-server
0	17	463.0	3000.0	https://github.com/Graylog2/graylog2-server
0	3488	463.0	3000.0	https://github.com/Graylog2/graylog2-server
0	3488	463.0	3000.0	https://github.com/Graylog2/graylog2-server
0	331	463.0	3000.0	https://github.com/Graylog2/graylog2-server
0	6	463.0	3000.0	https://github.com/Graylog2/graylog2-server
0	6	463.0	3000.0	https://github.com/Graylog2/graylog2-server
0	883	463.0	3000.0	https://github.com/Graylog2/graylog2-server
0	720	463.0	3000.0	https://github.com/Graylog2/graylog2-server
0	720	463.0	3000.0	https://github.com/Graylog2/graylog2-server
